EPISODE,WINS,LOSSES,DRAWS,EXPLORATION RATE,LEARNING RATE,Q-TABLE SIZE
1000,444,430,126,0.99802099,0.29962509376563085,4985
2000,437,450,113,0.99604396,0.29925037512509384,8597
3000,443,430,127,0.9940689100000001,0.2988758441723503,11555
4000,459,418,123,0.9920958400000001,0.298501501001503,14031
5000,425,453,122,0.99012475,0.2981273457067963,16123
6000,443,429,128,0.98815564,0.2977533783826166,18020
7000,423,437,140,0.98618851,0.2973795991234928,19656
8000,423,434,143,0.98422336,0.29700600802409644,21055
9000,446,445,109,0.98226019,0.2966326051792423,22270
10000,443,438,119,0.9802989999999999,0.29625939068388846,23361
11000,437,441,122,0.97833979,0.295886364633137,24316
12000,439,441,120,0.97638256,0.29551352712223417,25118
13000,461,420,119,0.9744273099999999,0.2951408782465707,25833
14000,451,437,112,0.9724740399999999,0.2947684181016824,26446
15000,434,441,125,0.97052275,0.29439614678325027,27042
16000,425,453,122,0.96857344,0.294024064387101,27541
17000,454,428,118,0.96662611,0.2936521710092073,28029
18000,423,458,119,0.9646807599999999,0.2932804667456884,28447
19000,435,414,151,0.96273739,0.29290895169281017,28832
20000,419,455,126,0.9607959999999999,0.2925376259469858,29142
21000,406,458,136,0.95885659,0.2921664896047758,29438
22000,454,435,111,0.95691916,0.2917955427628888,29747
23000,413,444,143,0.9549837099999999,0.29142478551818163,29996
24000,434,438,128,0.9530502399999999,0.29105421796765973,30207
25000,474,411,115,0.9511187499999999,0.29068384020847765,30416
26000,449,433,118,0.9491892399999999,0.2903136523379394,30600
27000,428,462,110,0.9472617099999999,0.28994365445349873,30755
28000,440,438,122,0.94533616,0.28957384665275965,30911
29000,437,442,121,0.9434125899999999,0.28920422903347676,31054
30000,461,441,98,0.941491,0.2888348016935555,31181
31000,446,436,118,0.9395713899999999,0.28846556473105295,31292
32000,447,440,113,0.93765376,0.2880965182441776,31387
33000,437,445,118,0.93573811,0.2877276623312903,31470
34000,444,449,107,0.93382444,0.28735899709090446,31544
35000,438,442,120,0.93191275,0.2869905226216863,31625
36000,445,420,135,0.9300030399999999,0.28662223902245537,31695
37000,446,433,121,0.9280953099999999,0.28625414639218505,31757
38000,442,445,113,0.92618956,0.28588624483000274,31811
39000,434,443,123,0.9242857899999999,0.2855185344351905,31851
40000,448,428,124,0.922384,0.28515101530718506,31885
41000,447,432,121,0.9204841899999999,0.28478368754557887,31928
42000,425,440,135,0.9185863599999999,0.2844165512501197,31965
43000,456,427,117,0.9166905099999999,0.28404960652071176,31991
44000,456,423,121,0.9147966399999999,0.2836828534574156,32024
45000,448,422,130,0.9129047499999999,0.283316292160449,32048
46000,438,448,114,0.9110148399999999,0.28294992273018676,32076
47000,442,425,133,0.9091269099999999,0.2825837452671618,32095
48000,437,436,127,0.9072409599999999,0.2822177598720649,32122
49000,433,441,126,0.9053569899999999,0.28185196664574574,32131
50000,451,430,119,0.9034749999999999,0.28148636568921287,32143
51000,449,422,129,0.9015949899999999,0.2811209571036344,32164
52000,429,431,140,0.8997169599999999,0.28075574099033807,32178
53000,426,467,107,0.8978409099999999,0.28039071745081223,32195
54000,456,405,139,0.8959668399999999,0.2800258865867057,32202
55000,449,443,108,0.8940947499999999,0.27966124849982854,32212
56000,430,448,122,0.8922246399999999,0.27929680329215234,32220
57000,451,440,109,0.8903565099999999,0.2789325510658106,32229
58000,426,444,130,0.8884903599999999,0.27856849192309946,32238
59000,449,427,124,0.8866261900000001,0.27820462596647777,32247
60000,441,442,117,0.884764,0.27784095329856745,32254
61000,452,431,117,0.8829037900000001,0.27747747402215456,32264
62000,436,435,129,0.8810455599999999,0.27711418824018896,32274
63000,440,420,140,0.8791893100000001,0.2767510960557854,32281
64000,440,439,121,0.8773350399999998,0.27638819757222327,32288
65000,408,479,113,0.8754827500000001,0.2760254928929478,32292
66000,463,419,118,0.87363244,0.2756629821215699,32297
67000,432,439,129,0.8717841100000001,0.2753006653618671,32301
68000,455,418,127,0.8699377599999999,0.27493854271778323,32304
69000,425,438,137,0.8680933900000001,0.27457661429342994,32306
70000,432,439,129,0.8662509999999999,0.2742148801930862,32307
71000,454,426,120,0.8644105900000001,0.2738533405211993,32311
72000,436,460,104,0.86257216,0.273491995382385,32313
73000,440,446,114,0.8607357100000002,0.2731308448814283,32315
74000,425,448,127,0.8589012400000001,0.2727698891232835,32315
75000,442,438,120,0.85706875,0.27240912821307495,32316
76000,426,462,112,0.85523824,0.2720485622560975,32316
77000,430,442,128,0.8534097100000001,0.2716881913578168,32316
78000,439,441,120,0.8515831600000001,0.27132801562386993,32316
79000,429,463,108,0.84975859,0.2709680351600656,32318
80000,436,459,105,0.847936,0.2706082500723851,32319
81000,420,466,114,0.8461153900000001,0.2702486604669822,32320
82000,447,432,121,0.84429676,0.26988926645018396,32320
83000,416,470,114,0.8424801100000001,0.26953006812849123,32322
84000,432,453,115,0.84066544,0.2691710656085789,32323
85000,459,424,117,0.8388527500000001,0.2688122589972966,32324
86000,435,445,120,0.83704204,0.26845364840166897,32324
87000,449,438,113,0.8352333100000001,0.26809523392889634,32325
88000,408,456,136,0.83342656,0.267737015686355,32326
89000,421,474,105,0.83162179,0.26737899378159796,32326
90000,445,441,114,0.8298190000000001,0.2670211683223552,32326
91000,440,443,117,0.8280181900000001,0.26666353941653403,32326
92000,459,448,93,0.8262193600000001,0.2663061071722202,32326
93000,446,448,106,0.8244225100000001,0.26594887169767756,32326
94000,440,445,115,0.82262764,0.2655918331013492,32326
95000,453,435,112,0.8208347500000001,0.2652349914918576,32326
96000,463,438,99,0.8190438400000001,0.2648783469780052,32328
97000,469,415,116,0.8172549100000001,0.2645218996687751,32328
98000,420,469,111,0.81546796,0.26416564967333117,32328
99000,442,445,113,0.81368299,0.26380959710101887,32328
100000,442,433,125,0.8119000000000001,0.2634537420613656,32328
101000,453,433,114,0.8101189900000001,0.2630980846640814,32328
102000,431,443,126,0.80833996,0.26274262501905915,32328
103000,451,452,97,0.80656291,0.26238736323637524,32328
104000,441,463,96,0.80478784,0.26203229942629025,32328
105000,441,441,118,0.80301475,0.2616774336992491,32328
106000,460,422,118,0.80124364,0.2613227661658819,32328
107000,424,467,109,0.79947451,0.26096829693700424,32328
108000,422,457,121,0.7977073600000001,0.2606140261236179,32328
109000,437,440,123,0.7959421900000001,0.26025995383691114,32328
110000,438,441,121,0.7941790000000001,0.25990608018825945,32330
111000,445,429,126,0.79241779,0.2595524052892259,32330
112000,444,433,123,0.79065856,0.2591989292515619,32330
113000,407,462,131,0.7889013100000001,0.2588456521872074,32330
114000,421,465,114,0.78714604,0.25849257420829164,32330
115000,458,428,114,0.7853927500000001,0.2581396954271338,32331
116000,435,453,112,0.78364144,0.25778701595624304,32331
117000,453,421,126,0.7818921099999999,0.2574345359083198,32332
118000,457,431,112,0.7801447600000001,0.2570822553962555,32332
119000,427,460,113,0.77839939,0.2567301745331339,32333
120000,436,444,120,0.776656,0.2563782934322309,32333
121000,463,424,113,0.7749145900000001,0.2560266122070156,32333
122000,437,424,139,0.77317516,0.25567513097115074,32333
123000,450,449,101,0.7714377099999999,0.25532384983849293,32333
124000,434,446,120,0.76970224,0.2549727689230938,32333
125000,430,451,119,0.76796875,0.2546218883391999,32333
126000,450,435,115,0.76623724,0.2542712082012539,32333
127000,451,426,123,0.76450771,0.2539207286238944,32333
128000,420,472,108,0.7627801599999999,0.2535704497219574,32333
129000,446,432,122,0.76105459,0.2532203716104761,32333
130000,452,446,102,0.759331,0.25287049440468173,32333
131000,446,428,126,0.7576093899999999,0.2525208182200042,32333
132000,443,436,121,0.75588976,0.25217134317207274,32333
133000,450,438,112,0.75417211,0.2518220693767161,32333
134000,447,442,111,0.75245644,0.2514729969499635,32333
135000,437,435,128,0.75074275,0.25112412600804507,32333
136000,443,445,112,0.74903104,0.2507754566673925,32333
137000,444,448,108,0.74732131,0.2504269890446394,32333
138000,441,451,108,0.7456135599999999,0.25007872325662217,32333
139000,450,442,108,0.74390779,0.24973065942038042,32333
140000,451,438,111,0.742204,0.24938279765315763,32333
141000,442,456,102,0.7405021900000001,0.24903513807240168,32333
142000,447,439,114,0.7388023599999999,0.24868768079576548,32333
143000,446,442,112,0.73710451,0.2483404259411076,32333
144000,441,465,94,0.73540864,0.24799337362649287,32333
145000,445,421,134,0.73371475,0.24764652397019282,32333
146000,431,458,111,0.73202284,0.24729987709068652,32333
147000,451,439,110,0.73033291,0.246953433106661,32333
148000,449,438,113,0.72864496,0.2466071921370121,32333
149000,453,442,105,0.72695899,0.24626115430084478,32333
150000,460,426,114,0.7252749999999999,0.24591531971747382,32333
151000,438,444,118,0.7235929899999999,0.24556968850642474,32333
152000,435,439,126,0.7219129599999999,0.24522426078743387,32333
153000,423,459,118,0.72023491,0.24487903668044952,32333
154000,447,452,101,0.7185588399999999,0.24453401630563226,32333
155000,432,453,115,0.71688475,0.24418919978335563,32333
156000,443,431,126,0.71521264,0.24384458723420677,32333
157000,457,415,128,0.71354251,0.24350017877898716,32333
158000,440,444,116,0.7118743599999999,0.24315597453871313,32333
159000,473,422,105,0.7102081899999999,0.2428119746346165,32333
160000,430,453,117,0.708544,0.24246817918814528,32333
161000,429,435,136,0.70688179,0.24212458832096428,32333
162000,437,451,112,0.70522156,0.24178120215495574,32334
163000,444,425,131,0.70356331,0.24143802081222004,32334
164000,417,462,121,0.7019070399999999,0.24109504441507634,32334
165000,429,449,122,0.70025275,0.24075227308606312,32334
166000,441,436,123,0.69860044,0.24040970694793895,32334
167000,439,444,117,0.69695011,0.2400673461236832,32334
168000,443,433,124,0.69530176,0.23972519073649656,32334
169000,439,444,117,0.69365539,0.23938324090980173,32334
170000,440,435,125,0.6920109999999999,0.23904149676724418,32334
171000,424,443,133,0.6903685899999998,0.23869995843269282,32334
172000,423,453,124,0.68872816,0.23835862603024055,32334
173000,477,420,103,0.6870897099999999,0.23801749968420494,32334
174000,429,459,112,0.6854532400000001,0.23767657951912918,32334
175000,415,466,119,0.6838187499999999,0.23733586565978226,32334
176000,424,462,114,0.6821862400000002,0.2369953582311604,32334
177000,414,460,126,0.6805557099999999,0.2366550573584868,32334
178000,444,433,123,0.6789271600000001,0.23631496316721318,32334
179000,429,447,124,0.6773005899999999,0.2359750757830199,32334
180000,459,420,121,0.6756760000000002,0.23563539533181704,32334
181000,435,440,125,0.67405339,0.2352959219397448,32334
182000,453,426,121,0.6724327600000001,0.23495665573317442,32334
183000,437,440,123,0.6708141099999999,0.23461759683870875,32334
184000,446,438,116,0.6691974400000001,0.23427874538318305,32334
185000,434,442,124,0.66758275,0.23394010149366556,32334
186000,444,437,119,0.66597004,0.23360166529745857,32334
187000,441,432,127,0.6643593099999999,0.23326343692209855,32334
188000,454,425,121,0.66275056,0.23292541649535747,32334
189000,442,443,115,0.6611437899999999,0.2325876041452431,32334
190000,431,447,122,0.6595390000000001,0.23225,32334
191000,438,450,112,0.6579361899999999,0.23191260418811005,32334
192000,454,440,106,0.6563353600000001,0.2315754168382934,32334
193000,415,431,154,0.6547365099999999,0.23123843807950895,32334
194000,422,456,122,0.6531396400000001,0.23090166804095535,32334
195000,449,433,118,0.6515447499999999,0.2305651068520715,32334
196000,431,443,126,0.6499518400000001,0.23022875464253756,32334
197000,442,412,146,0.6483609099999998,0.22989261154227542,32334
198000,428,452,120,0.6467719600000001,0.22955667768144966,32334
199000,431,453,116,0.6451849899999998,0.2292209531904682,32334
200000,449,441,110,0.6436000000000002,0.2288854381999832,32334
201000,424,437,139,0.6420169899999999,0.22855013284089148,32334
202000,462,420,118,0.64043596,0.22821503724433584,32334
203000,419,437,144,0.6388569099999999,0.22788015154170516,32334
204000,456,444,100,0.63727984,0.22754547586463592,32334
205000,438,435,127,0.63570475,0.22721101034501218,32334
206000,427,461,112,0.6341316400000001,0.22687675511496702,32334
207000,457,424,119,0.6325605100000001,0.226542710306883,32334
208000,445,418,137,0.63099136,0.22620887605339296,32334
209000,418,459,123,0.62942419,0.225875252487381,32334
210000,471,407,122,0.6278590000000001,0.22554183974198289,32334
211000,425,456,119,0.6262957900000001,0.22520863795058738,32334
212000,444,443,113,0.62473456,0.2248756472468365,32334
213000,436,444,120,0.62317531,0.22454286776462684,32334
214000,446,432,122,0.62161804,0.2242102996381098,32334
215000,427,448,125,0.62006275,0.223877943001693,32334
216000,457,421,122,0.6185094400000001,0.22354579799004065,32334
217000,419,450,131,0.61695811,0.22321386473807459,32334
218000,450,440,110,0.6154087600000001,0.222882143380975,32334
219000,454,426,120,0.6138613900000001,0.22255063405418135,32334
220000,440,447,113,0.6123160000000001,0.22221933689339302,32334
221000,399,467,134,0.6107725900000001,0.2218882520345704,32334
222000,430,445,125,0.60923116,0.22155737961393557,32334
223000,485,379,136,0.6076917100000001,0.22122671976797315,32334
224000,429,448,123,0.6061542400000001,0.2208962726334311,32334
225000,437,453,110,0.6046187500000001,0.22056603834732164,32334
226000,421,457,122,0.6030852400000001,0.22023601704692225,32334
227000,444,423,133,0.60155371,0.2199062088697762,32334
228000,449,430,121,0.60002416,0.21957661395369354,32334
229000,446,415,139,0.59849659,0.21924723243675215,32334
230000,410,448,142,0.596971,0.21891806445729833,32334
231000,422,452,126,0.59544739,0.218589110153948,32334
232000,428,449,123,0.59392576,0.21826036966558704,32334
233000,441,434,125,0.5924061100000001,0.21793184313137282,32334
234000,440,440,120,0.5908884400000001,0.21760353069073457,32334
235000,453,435,112,0.58937275,0.21727543248337455,32334
236000,419,452,129,0.58785904,0.2169475486492689,32334
237000,435,458,107,0.5863473100000001,0.21661987932866833,32334
238000,452,431,117,0.5848375600000001,0.21629242466209941,32334
239000,461,431,108,0.58332979,0.21596518479036497,32334
240000,419,468,113,0.581824,0.2156381598545456,32334
241000,439,435,126,0.58032019,0.215311349996,32334
242000,432,425,143,0.57881836,0.2149847553563662,32334
243000,418,459,123,0.57731851,0.2146583760775625,32334
244000,422,439,139,0.57582064,0.21433221230178823,32334
245000,459,409,132,0.57432475,0.21400626417152485,32334
246000,417,462,121,0.5728308400000001,0.21368053182953678,32334
247000,389,464,147,0.57133891,0.2133550154188723,32334
248000,436,444,120,0.56984896,0.21302971508286456,32334
249000,444,423,133,0.56836099,0.21270463096513265,32334
250000,461,411,128,0.566875,0.21237976320958224,32334
251000,463,394,143,0.5653909899999999,0.21205511196040683,32334
252000,451,406,143,0.56390896,0.21173067736208862,32334
253000,421,444,135,0.56242891,0.2114064595593993,32334
254000,437,444,119,0.5609508400000001,0.21108245869740133,32334
255000,446,424,130,0.55947475,0.21075867492144862,32334
256000,440,439,121,0.55800064,0.21043510837718782,32334
257000,448,425,127,0.55652851,0.2101117592105589,32334
258000,439,424,137,0.55505836,0.2097886275677966,32334
259000,409,444,147,0.5535901900000001,0.20946571359543092,32334
260000,430,405,165,0.552124,0.20914301744028857,32334
261000,431,423,146,0.55065979,0.2088205392494938,32334
262000,438,437,125,0.54919756,0.2084982791704692,32334
263000,447,423,130,0.54773731,0.20817623735093715,32334
264000,417,436,147,0.5462790399999999,0.2078544139389203,32334
265000,422,440,138,0.5448227499999999,0.20753280908274313,32334
266000,450,394,156,0.5433684400000001,0.20721142293103256,32334
267000,418,445,137,0.5419161100000001,0.2068902556327193,32334
268000,435,455,110,0.54046576,0.20656930733703843,32334
269000,433,422,145,0.5390173899999999,0.2062485781935311,32334
270000,422,446,132,0.5375709999999999,0.20592806835204497,32334
271000,441,407,152,0.53612659,0.20560777796273555,32334
272000,409,462,129,0.53468416,0.2052877071760672,32334
273000,444,424,132,0.5332437099999999,0.20496785614281432,32334
274000,432,441,127,0.53180524,0.20464822501406216,32334
275000,451,420,129,0.53036875,0.204328813941208,32334
276000,432,432,136,0.52893424,0.20400962307596238,32334
277000,444,424,132,0.52750171,0.2036906525703499,32334
278000,426,463,111,0.52607116,0.20337190257671056,32334
279000,458,415,127,0.52464259,0.20305337324770073,32334
280000,437,427,136,0.523216,0.20273506473629427,32334
281000,411,465,124,0.52179139,0.20241697719578355,32334
282000,425,429,146,0.52036876,0.2020991107797807,32334
283000,425,430,145,0.5189481100000002,0.20178146564221866,32334
284000,455,417,128,0.51752944,0.20146404193735223,32334
285000,458,426,116,0.5161127500000001,0.2011468398197594,32334
286000,422,427,151,0.51469804,0.20082985944434212,32334
287000,441,404,155,0.5132853100000001,0.20051310096632785,32334
288000,411,435,154,0.51187456,0.20019656454127038,32334
289000,417,448,135,0.5104657900000001,0.1998802503250512,32334
290000,430,442,128,0.5090589999999999,0.19956415847388037,32334
291000,436,422,142,0.5076541900000001,0.1992482891442981,32334
292000,424,445,131,0.5062513599999999,0.19893264249317538,32334
293000,418,432,150,0.50485051,0.1986172186777158,32334
294000,402,450,148,0.5034516399999999,0.19830201785545604,32334
295000,424,445,131,0.5020547500000001,0.1979870401842675,32334
296000,443,411,146,0.50065984,0.19767228582235735,32334
297000,424,435,141,0.4992669100000001,0.19735775492826974,32334
298000,438,413,149,0.49787595999999995,0.19704344766088694,32334
299000,440,417,143,0.4964869900000001,0.1967293641794307,32334
300000,417,445,138,0.49509999999999993,0.1964155046434632,32334
301000,431,429,140,0.49371499000000013,0.19610186921288858,32334
302000,417,436,147,0.4923319599999999,0.19578845804795386,32334
303000,429,424,147,0.49095091000000013,0.19547527130925035,32334
304000,434,418,148,0.48957184,0.19516230915771487,32334
305000,425,434,141,0.4881947500000001,0.19484957175463102,32334
306000,409,436,155,0.48681963999999994,0.19453705926163017,32334
307000,404,428,168,0.4854465100000001,0.1942247718406932,32334
308000,416,443,141,0.48407535999999995,0.19391270965415108,32334
309000,436,402,162,0.4827061900000001,0.19360087286468702,32334
310000,442,413,145,0.4813389999999999,0.19328926163533677,32334
311000,431,427,142,0.47997379000000007,0.19297787612949074,32334
312000,448,407,145,0.47861055999999996,0.19266671651089473,32334
313000,433,423,144,0.4772493100000001,0.19235578294365147,32334
314000,423,413,164,0.4758900399999999,0.19204507559222178,32334
315000,419,429,152,0.47453275000000006,0.19173459462142617,32334
316000,427,404,169,0.47317743999999995,0.19142434019644566,32334
317000,441,409,150,0.4718241100000001,0.19111431248282368,32334
318000,437,407,156,0.47047275999999993,0.19080451164646678,32334
319000,421,439,140,0.4691233900000001,0.19049493785364657,32334
320000,443,394,163,0.4677759999999999,0.19018559127100043,32334
321000,434,410,156,0.4664305900000001,0.1898764720655336,32334
322000,439,439,122,0.46508715999999994,0.18956758040461974,32334
323000,437,415,148,0.46374571000000003,0.18925891645600296,32334
324000,425,399,176,0.46240623999999997,0.18895048038779855,32334
325000,428,419,153,0.4610687500000001,0.18864227236849518,32334
326000,405,437,158,0.45973323999999993,0.18833429256695533,32334
327000,448,399,153,0.45839971000000007,0.18802654115241751,32334
328000,411,429,160,0.45706815999999995,0.187719018294497,32334
329000,398,441,161,0.45573859000000005,0.1874117241631878,32334
330000,431,413,156,0.4544109999999999,0.18710465892886352,32334
331000,435,429,136,0.45308539000000003,0.1867978227622794,32334
332000,412,447,141,0.4517617599999999,0.186491215834573,32334
333000,430,414,156,0.45044011000000006,0.18618483831726645,32334
334000,425,408,167,0.4491204399999999,0.18587869038226706,32334
335000,445,397,158,0.44780275,0.18557277220186952,32334
336000,433,426,141,0.4464870399999999,0.18526708394875668,32334
337000,450,407,143,0.44517331000000004,0.18496162579600173,32334
338000,423,422,155,0.44386155999999993,0.1846563979170689,32334
339000,427,416,157,0.44255179000000006,0.18435140048581555,32334
340000,432,403,165,0.44124399999999986,0.18404663367649332,32334
341000,391,425,184,0.43993819,0.18374209766374983,32334
342000,403,440,157,0.4386343599999999,0.18343779262262994,32334
343000,398,452,150,0.43733251000000006,0.18313371872857753,32334
344000,405,432,163,0.4360326400000001,0.18282987615743684,32334
345000,389,442,169,0.43473475000000006,0.18252626508545394,32334
346000,439,421,140,0.43343884000000005,0.18222288568927847,32334
347000,420,418,162,0.43214491000000005,0.18191973814596513,32334
348000,390,437,173,0.43085296000000006,0.18161682263297502,32334
349000,414,423,163,0.42956299000000003,0.18131413932817747,32334
350000,406,452,142,0.4282750000000001,0.18101168840985143,32334
351000,399,421,180,0.42698899000000007,0.1807094700566872,32334
352000,386,432,182,0.42570496,0.18040748444778776,32334
353000,412,422,166,0.42442291,0.18010573176267064,32334
354000,418,409,173,0.42314284,0.1798042121812694,32334
355000,431,437,132,0.42186475000000007,0.17950292588393518,32334
356000,434,414,152,0.42058864000000007,0.17920187305143837,32334
357000,420,406,174,0.41931451000000003,0.1789010538649704,32334
358000,401,438,161,0.41804236000000006,0.17860046850614503,32334
359000,405,445,150,0.41677219,0.17830011715700028,32334
360000,430,397,173,0.41550400000000004,0.178,32334
361000,422,407,171,0.41423779,0.17770011721803547,32334
362000,409,410,181,0.41297356,0.17740046899442719,32334
363000,428,400,172,0.41171131,0.17710105551292643,32334
364000,413,405,182,0.41045104000000004,0.17680187695771699,32334
365000,398,452,150,0.40919275,0.176502933513417,32334
366000,433,383,184,0.40793644000000007,0.1762042253650804,32334
367000,399,414,187,0.40668211000000004,0.1759057526981988,32334
368000,405,446,149,0.40542976000000003,0.1756075156987033,32334
369000,415,424,161,0.40417938999999997,0.175309514552966,32334
370000,401,428,171,0.40293100000000004,0.1750117494478019,32334
371000,415,410,175,0.40168459,0.17471422057047065,32334
372000,422,407,171,0.40044016000000004,0.1744169281086782,32334
373000,406,420,174,0.39919771000000004,0.1741198722505788,32334
374000,383,430,187,0.39795724,0.17382305318477653,32334
375000,401,404,195,0.39671875,0.17352647110032732,32334
376000,423,411,166,0.39548224,0.17323012618674055,32334
377000,430,387,183,0.39424771000000003,0.17293401863398106,32334
378000,405,410,185,0.39301516000000003,0.1726381486324708,32334
379000,389,404,207,0.39178459000000004,0.17234251637309084,32334
380000,401,447,152,0.390556,0.1720471220471831,32334
381000,399,432,169,0.38932939,0.17175196584655214,32334
382000,377,454,169,0.38810476,0.17145704796346734,32334
383000,412,415,173,0.38688211,0.1711623685906643,32334
384000,422,420,158,0.38566144,0.17086792792134728,32334
385000,392,438,170,0.38444275,0.17057372614919056,32334
386000,419,416,165,0.38322604,0.17027976346834076,32334
387000,410,412,178,0.38201131,0.16998604007341855,32334
388000,421,379,200,0.38079856,0.1696925561595206,32334
389000,399,385,216,0.37958779,0.16939931192222174,32334
390000,414,405,181,0.37837899999999997,0.1691063075575765,32334
391000,427,379,194,0.37717218999999996,0.16881354326212145,32334
392000,423,394,183,0.37596736,0.168521019232877,32334
393000,420,397,183,0.37476451,0.1682287356673495,32334
394000,429,405,166,0.37356364000000003,0.1679366927635331,32334
395000,401,417,182,0.37236475,0.16764489071991184,32334
396000,418,374,208,0.37116783999999997,0.1673533297354617,32334
397000,415,385,200,0.36997291,0.16706201000965257,32334
398000,394,390,216,0.36877995999999996,0.16677093174245033,32334
399000,411,402,187,0.36758899,0.166480095134319,32334
400000,402,421,177,0.3664,0.1661895003862225,32334
401000,441,400,159,0.36521298999999996,0.1658991476996272,32334
402000,409,423,168,0.36402796,0.1656090372765036,32334
403000,391,413,196,0.36284490999999996,0.1653191693193287,32334
404000,385,443,172,0.36166383999999996,0.16502954403108794,32334
405000,392,440,168,0.36048474999999996,0.1647401616152775,32334
406000,415,397,188,0.35930764,0.1644510222759063,32334
407000,387,409,204,0.35813251,0.16416212621749823,32334
408000,391,396,213,0.3569593600000001,0.1638734736450944,32334
409000,381,417,202,0.35578818999999995,0.163585064764255,32334
410000,366,440,194,0.3546190000000001,0.163296899781062,32334
411000,353,417,230,0.35345179,0.16300897890212085,32334
412000,366,436,198,0.35228656000000014,0.16272130233456322,32334
413000,394,406,200,0.35112330999999997,0.16243387028604858,32334
414000,420,390,190,0.3499620400000001,0.1621466829647672,32334
415000,419,389,192,0.34880274999999994,0.1618597405794417,32334
416000,390,391,219,0.3476454400000001,0.16157304333932998,32334
417000,412,396,192,0.34649010999999996,0.16128659145422686,32334
418000,400,402,198,0.3453367600000001,0.16100038513446702,32334
419000,423,376,201,0.3441853899999999,0.16071442459092672,32334
420000,401,409,190,0.3430360000000001,0.16042871003502668,32334
421000,396,407,197,0.34188858999999994,0.16014324167873395,32334
422000,405,394,201,0.3407431600000001,0.1598580197345647,32334
423000,406,389,205,0.33959971,0.15957304441558606,32334
424000,403,383,214,0.3384582400000001,0.1592883159354192,32334
425000,407,376,217,0.33731874999999995,0.15900383450824102,32334
426000,376,424,200,0.3361812400000001,0.15871960034878718,32334
427000,426,399,175,0.33504570999999994,0.15843561367235398,32334
428000,431,380,189,0.33391216000000007,0.1581518746948013,32334
429000,389,389,222,0.33278059,0.15786838363255473,32334
430000,410,384,206,0.3316510000000001,0.1575851407026082,32334
431000,401,406,193,0.33052339,0.15730214612252635,32334
432000,410,407,183,0.3293977600000001,0.1570194001104473,32334
433000,418,365,217,0.32827410999999995,0.15673690288508468,32334
434000,408,385,207,0.3271524400000001,0.15645465466573083,32334
435000,374,413,213,0.3260327499999999,0.15617265567225866,32334
436000,369,423,208,0.32491504000000004,0.15589090612512485,32334
437000,438,374,188,0.32379930999999995,0.1556094062453719,32334
438000,421,382,197,0.3226855600000001,0.1553281562546312,32334
439000,373,408,219,0.3215737899999999,0.15504715637512517,32334
440000,409,411,180,0.320464,0.15476640682967038,32334
441000,423,384,193,0.31935619,0.15448590784167976,32334
442000,378,421,201,0.31825036000000007,0.1542056596351657,32334
443000,385,407,208,0.31714650999999994,0.15392566243474226,32334
444000,428,389,183,0.3160446400000001,0.1536459164656283,32334
445000,410,364,226,0.31494474999999994,0.1533664219536499,32334
446000,406,395,199,0.31384684000000007,0.15308717912524333,32334
447000,399,424,177,0.31275090999999994,0.15280818820745745,32334
448000,429,358,213,0.31165696000000004,0.15252944942795704,32334
449000,403,347,250,0.31056499,0.15225096301502494,32334
450000,377,406,217,0.30947500000000006,0.15197272919756538,32334
451000,382,409,209,0.3083869899999999,0.15169474820510642,32334
452000,369,421,210,0.30730096000000007,0.15141702026780318,32334
453000,367,410,223,0.30621690999999995,0.15113954561644025,32334
454000,369,394,237,0.3051348400000001,0.15086232448243497,32334
455000,379,400,221,0.30405474999999993,0.15058535709784004,32334
456000,412,387,201,0.30297664,0.15030864369534663,32334
457000,392,383,225,0.3019005099999999,0.15003218450828712,32334
458000,353,399,248,0.30082636,0.14975597977063831,32334
459000,394,361,245,0.2997541899999999,0.1494800297170241,32334
460000,414,404,182,0.298684,0.14920433458271873,32334
461000,391,390,219,0.29761578999999994,0.14892889460364953,32334
462000,405,391,204,0.29654956000000005,0.14865371001640032,32334
463000,375,379,246,0.29548530999999995,0.14837878105821395,32334
464000,343,395,262,0.2944230400000001,0.14810410796699597,32334
465000,363,380,257,0.2933627499999999,0.1478296909813171,32334
466000,383,372,245,0.29230444000000005,0.1475555303404169,32334
467000,425,328,247,0.29124810999999995,0.14728162628420638,32334
468000,370,425,205,0.2901937600000001,0.1470079790532717,32334
469000,401,349,250,0.28914139,0.14673458888887678,32334
470000,445,336,219,0.28809100000000004,0.1464614560329669,32334
471000,396,388,216,0.28704259,0.1461885807281717,32334
472000,322,438,240,0.28599616000000005,0.14591596321780853,32334
473000,393,406,201,0.28495171,0.1456436037458857,32334
474000,404,360,236,0.28390924000000006,0.14537150255710563,32334
475000,372,403,225,0.28286875,0.14509965989686818,32334
476000,409,364,227,0.28183024000000007,0.14482807601127423,32334
477000,386,364,250,0.28079371000000003,0.14455675114712857,32334
478000,360,389,251,0.27975916,0.14428568555194368,32334
479000,381,405,214,0.27872659000000005,0.14401487947394287,32334
480000,415,328,257,0.27769600000000005,0.14374433316206373,32334
481000,406,361,233,0.27666739,0.14347404686596169,32334
482000,420,378,202,0.27564076000000004,0.1432040208360133,32334
483000,401,392,207,0.27461611,0.14293425532331983,32334
484000,344,367,289,0.27359344,0.14266475057971073,32334
485000,403,356,241,0.27257275,0.14239550685774716,32334
486000,370,364,266,0.27155404,0.14212652441072549,32334
487000,427,364,209,0.27053731,0.141857803492681,32334
488000,369,376,255,0.26952256,0.14158934435839138,32334
489000,377,382,241,0.26850979,0.14132114726338035,32334
490000,403,378,219,0.267499,0.14105321246392133,32334
491000,394,385,221,0.26649019,0.14078554021704118,32334
492000,410,353,237,0.26548336,0.14051813078052375,32334
493000,410,358,232,0.26447851000000006,0.14025098441291375,32334
494000,376,366,258,0.26347564,0.1399841013735204,32334
495000,359,379,262,0.26247475000000003,0.13971748192242134,32334
496000,355,382,263,0.26147584,0.1394511263204662,32334
497000,360,407,233,0.26047891,0.13918503482928063,32334
498000,357,366,277,0.25948396,0.13891920771127014,32334
499000,384,329,287,0.25849099,0.1386536452296238,32334
500000,389,332,279,0.2575,0.13838834764831845,32334
501000,403,401,196,0.25651099,0.13812331523212232,32334
502000,350,404,246,0.25552396,0.1378585482465992,32334
503000,354,353,293,0.25453891,0.1375940469581124,32334
504000,397,347,256,0.25355584,0.13732981163382868,32334
505000,404,376,220,0.25257474999999996,0.1370658425417224,32334
506000,410,365,225,0.25159564,0.13680213995057955,32334
507000,424,371,205,0.25061850999999996,0.13653870413000185,32334
508000,348,390,262,0.24964336,0.1362755353504109,32334
509000,373,376,251,0.24867018999999999,0.13601263388305232,32334
510000,387,386,227,0.24769899999999997,0.13574999999999998,32334
511000,358,303,339,0.24672979,0.13548763397416025,32334
512000,385,358,257,0.24576256,0.13522553607927615,32334
513000,378,424,198,0.24479731,0.13496370658993168,32334
514000,416,385,199,0.24383404,0.1347021457815562,32334
515000,332,423,245,0.24287275,0.1344408539304287,32334
516000,334,401,265,0.24191344,0.13417983131368227,32334
517000,296,444,260,0.24095611,0.13391907820930826,32334
518000,402,398,200,0.24000075999999998,0.13365859489616116,32334
519000,441,367,192,0.23904739,0.13339838165396256,32334
520000,403,382,215,0.238096,0.1331384387633061,32334
521000,322,433,245,0.23714659,0.13287876650566174,32334
522000,336,384,280,0.23619916,0.1326193651633804,32334
523000,354,420,226,0.23525370999999998,0.13236023501969868,32334
524000,374,396,230,0.23431023999999998,0.13210137635874322,32334
525000,357,405,238,0.23336874999999999,0.13184278946553568,32334
526000,437,333,230,0.23242923999999998,0.13158447462599732,32334
527000,408,341,251,0.23149171,0.13132643212695366,32334
528000,361,441,198,0.23055615999999998,0.1310686622561394,32334
529000,313,449,238,0.22962259,0.13081116530220313,32334
530000,372,373,255,0.228691,0.13055394155471228,32334
531000,363,417,220,0.22776138999999998,0.13029699130415784,32334
532000,362,375,263,0.22683375999999997,0.1300403148419595,32334
533000,381,377,242,0.22590811,0.12978391246047039,32334
534000,415,402,183,0.22498443999999998,0.12952778445298221,32334
535000,433,400,167,0.22406274999999998,0.12927193111373028,32334
536000,405,386,209,0.22314303999999996,0.1290163527378985,32334
537000,427,329,244,0.22222530999999998,0.12876104962162452,32334
538000,281,386,333,0.22130955999999996,0.1285060220620049,32334
539000,356,380,264,0.22039578999999998,0.12825127035710027,32334
540000,358,396,246,0.21948399999999996,0.12799679480594056,32334
541000,318,438,244,0.21857418999999997,0.12774259570853033,32334
542000,401,409,190,0.21766635999999998,0.12748867336585393,32334
543000,384,387,229,0.21676050999999996,0.12723502807988096,32334
544000,347,402,251,0.21585663999999996,0.12698166015357165,32334
545000,332,423,245,0.21495474999999997,0.12672856989088221,32334
546000,350,383,267,0.21405483999999997,0.1264757575967705,32334
547000,349,403,248,0.21315690999999998,0.12622322357720117,32334
548000,341,394,265,0.21226095999999997,0.12597096813915168,32334
549000,340,373,287,0.21136698999999998,0.12571899159061747,32334
550000,392,373,235,0.21047499999999997,0.1254672942406179,32334
551000,372,364,264,0.20958498999999994,0.1252158763992018,32334
552000,389,427,184,0.20869696,0.12496473837745316,32334
553000,416,353,231,0.20781090999999996,0.1247138804874971,32334
554000,296,398,306,0.20692683999999997,0.12446330304250543,32334
555000,313,331,356,0.20604474999999997,0.12421300635670272,32334
556000,434,323,243,0.20516463999999995,0.12396299074537209,32334
557000,387,377,236,0.20428650999999995,0.12371325652486125,32334
558000,347,390,263,0.20341035999999996,0.1234638040125884,32334
559000,439,406,155,0.20253618999999998,0.1232146335270484,32334
560000,376,367,257,0.20166399999999998,0.12296574538781879,32334
561000,404,405,191,0.20079378999999994,0.12271713991556597,32334
562000,431,330,239,0.19992555999999997,0.12246881743205142,32334
563000,407,407,186,0.19905931000000007,0.12222077826013787,32334
564000,338,402,260,0.19819504000000004,0.12197302272379563,32334
565000,384,318,298,0.19733275000000006,0.12172555114810901,32334
566000,333,396,271,0.19647244000000005,0.12147836385928264,32334
567000,371,433,196,0.19561411000000006,0.1212314611846479,32334
568000,369,410,221,0.19475776000000006,0.12098484345266955,32334
569000,373,402,225,0.19390339000000004,0.12073851099295208,32334
570000,402,351,247,0.19305100000000006,0.12049246413624652,32334
571000,406,326,268,0.19220059000000003,0.12024670321445699,32334
572000,348,337,315,0.19135216000000005,0.12000122856064743,32334
573000,353,341,306,0.19050571000000005,0.11975604050904841,32334
574000,417,357,226,0.18966124000000004,0.11951113939506389,32334
575000,394,407,199,0.18881875000000004,0.11926652555527816,32334
576000,419,357,224,0.18797824000000005,0.11902219932746277,32334
577000,371,383,246,0.18713971000000004,0.1187781610505835,32334
578000,372,420,208,0.18630316000000005,0.11853441106480744,32334
579000,441,401,158,0.18546859000000004,0.11829094971151011,32334
580000,411,399,190,0.18463600000000002,0.11804777733328255,32334
581000,373,398,229,0.18380539000000004,0.11780489427393867,32334
582000,384,299,317,0.18297676000000002,0.1175623008785225,32334
583000,384,277,339,0.18215011000000006,0.11731999749331547,32334
584000,349,407,244,0.18132544000000006,0.11707798446584394,32334
585000,431,370,199,0.18050275000000002,0.1168362621448866,32334
586000,405,384,211,0.17968204000000002,0.11659483088048202,32334
587000,382,303,315,0.17886331000000003,0.11635369102393628,32334
588000,415,335,250,0.17804656000000005,0.11611284292783061,32334
589000,361,348,291,0.17723179000000003,0.11587228694602915,32334
590000,356,341,303,0.17641900000000005,0.11563202343368671,32334
591000,340,415,245,0.17560819000000003,0.1153920527472567,32334
592000,382,414,204,0.17479936000000004,0.11515237524449896,32334
593000,266,456,278,0.17399251000000002,0.1149129912844879,32334
594000,322,423,255,0.17318764,0.11467390122762042,32334
595000,250,451,299,0.17238475000000003,0.11443510543562416,32334
596000,233,383,384,0.17158384000000004,0.11419660427156565,32334
597000,282,420,298,0.17078491000000004,0.11395839809985864,32334
598000,345,431,224,0.16998796000000002,0.11372048728627239,32334
599000,352,394,254,0.16919299000000004,0.11348287219794014,32334
600000,310,444,246,0.16840000000000005,0.1132455532033676,32334
601000,376,340,284,0.16760899,0.1130085306724415,32334
602000,389,385,226,0.16681996000000002,0.11277180497643828,32334
603000,273,316,411,0.16603291000000003,0.11253537648803276,32334
604000,323,412,265,0.16524784,0.11229924558130701,32334
605000,304,403,293,0.16446475000000002,0.11206341263175915,32334
606000,258,388,354,0.16368364000000002,0.11182787801631236,32334
607000,368,429,203,0.16290451,0.1115926421133239,32334
608000,422,302,276,0.16212736000000003,0.11135770530259423,32334
609000,379,338,283,0.16135219000000003,0.11112306796537622,32334
610000,288,422,290,0.16057900000000003,0.11088873048438438,32334
611000,270,462,268,0.15980779,0.11065469324380431,32334
612000,308,353,339,0.15903856000000002,0.11042095662930207,32334
613000,257,442,301,0.15827131000000003,0.11018752102803372,32334
614000,314,380,306,0.15750604,0.109954386828655,32334
615000,316,394,290,0.15674275000000001,0.109721554421331,32334
616000,321,286,393,0.15598144,0.10948902419774592,32334
617000,288,439,273,0.15522211000000002,0.10925679655111303,32334
618000,286,362,352,0.15446476,0.10902487187618454,32334
619000,329,265,406,0.15370939000000003,0.10879325056926178,32334
620000,388,365,247,0.152956,0.10856193302820527,32334
621000,290,395,315,0.15220459,0.10833091965244505,32334
622000,285,367,348,0.15145516,0.10810021084299093,32334
623000,383,266,351,0.15070771000000002,0.107869807002443,32334
624000,429,379,192,0.14996224,0.10763970853500215,32334
625000,261,385,354,0.14921875,0.10740991584648074,32334
626000,249,364,387,0.14847724,0.10718042934431325,32334
627000,387,263,350,0.14773771000000002,0.10695124943756722,32334
628000,420,338,242,0.14700016000000002,0.1067223765369541,32334
629000,415,415,170,0.14626459,0.10649381105484033,32334
630000,416,271,313,0.145531,0.10626555340525853,32334
631000,352,260,388,0.14479939,0.10603760400391865,32334
632000,391,269,340,0.14406976,0.10580996326821941,32334
633000,398,243,359,0.14334211000000002,0.10558263161725973,32334
634000,377,324,299,0.14261644,0.10535560947185027,32334
635000,361,392,247,0.14189274999999998,0.10512889725452523,32334
636000,334,431,235,0.14117104,0.10490249538955401,32334
637000,382,434,184,0.14045131,0.1046764043029532,32334
638000,445,390,165,0.13973356,0.10445062442249858,32334
639000,428,290,282,0.13901779,0.10422515617773728,32334
640000,443,278,279,0.138304,0.10400000000000001,32334
641000,279,229,492,0.13759219,0.10377515632241342,32334
642000,285,307,408,0.13688236,0.1035506255799127,32334
643000,265,344,391,0.13617451,0.10332640820925407,32334
644000,336,335,329,0.13546864,0.10310250464902762,32334
645000,332,297,371,0.13476475,0.10287891533967011,32334
646000,418,250,332,0.13406284,0.10265564072347805,32334
647000,378,240,382,0.13336290999999997,0.10243268124462071,32334
648000,368,350,282,0.13266496,0.10221003734915346,32334
649000,448,385,167,0.13196898999999998,0.10198770948503116,32334
650000,405,386,209,0.13127499999999998,0.10176569810212163,32334
651000,420,437,143,0.13058298999999998,0.10154400365221933,32334
652000,296,428,276,0.12989296,0.10132262658905913,32334
653000,229,363,408,0.12920490999999998,0.10110156736833029,32334
654000,256,296,448,0.12851884,0.10088082644769049,32334
655000,353,230,417,0.12783474999999997,0.10066040428678003,32334
656000,311,385,304,0.12715263999999998,0.10044030134723622,32334
657000,251,395,354,0.12647250999999998,0.10022051809270788,32334
658000,176,379,445,0.12579436,0.10000105498886998,32334
659000,294,188,518,0.12511819,0.09978191250343843,32334
660000,323,330,347,0.12444399999999997,0.09956309110618505,32334
661000,352,309,339,0.12377178999999998,0.09934459126895266,32334
662000,357,367,276,0.12310155999999998,0.09912641346567037,32334
663000,435,327,238,0.12243330999999998,0.09890855817236896,32334
664000,432,284,284,0.12176703999999998,0.09869102586719651,32334
665000,362,418,220,0.12110274999999997,0.09847381703043406,32334
666000,383,459,158,0.12044043999999997,0.09825693214451163,32334
667000,295,438,267,0.11978010999999997,0.09804037169402419,32334
668000,297,446,257,0.11912175999999997,0.09782413616574794,32334
669000,444,230,326,0.11846538999999998,0.09760822604865675,32334
670000,423,325,252,0.11781099999999996,0.09739264183393873,32334
671000,401,329,270,0.11715858999999997,0.09717738401501294,32334
672000,325,298,377,0.11650815999999997,0.09696245308754643,32334
673000,212,285,503,0.11585970999999996,0.09674784954947124,32334
674000,451,259,290,0.11521323999999997,0.09653357390100184,32334
675000,399,309,292,0.11456874999999997,0.09631962664465248,32334
676000,314,368,318,0.11392623999999997,0.09610600828525497,32334
677000,462,441,97,0.11328570999999996,0.0958927193299765,32334
678000,460,432,108,0.11264715999999997,0.09567976028833776,32334
679000,467,382,151,0.11201058999999997,0.09546713167223109,32334
680000,464,240,296,0.11137599999999996,0.09525483399593904,32334
681000,470,421,109,0.11074338999999996,0.09504286777615296,32334
682000,408,386,206,0.11011275999999996,0.09483123353199195,32334
683000,419,288,293,0.10948410999999997,0.09461993178502182,32334
684000,214,349,437,0.10885743999999997,0.0944089630592744,32334
685000,379,237,384,0.10823274999999996,0.09419832788126717,32334
686000,438,319,243,0.10761003999999996,0.09398802678002276,32334
687000,313,355,332,0.10698930999999995,0.093778060287089,32334
688000,438,238,324,0.10637056000000002,0.09356842893655912,32334
689000,444,440,116,0.10575379000000003,0.09335913326509193,32334
690000,277,363,360,0.10513900000000002,0.09315017381193269,32334
691000,391,331,278,0.10452619000000003,0.09294155111893376,32334
692000,451,436,113,0.10391536000000003,0.09273326573057578,32334
693000,373,460,167,0.10330651000000002,0.09252531819398888,32334
694000,417,345,238,0.10269964000000002,0.09231770905897436,32334
695000,457,215,328,0.10209475000000001,0.09211043887802645,32334
696000,370,453,177,0.10149184000000001,0.09190350820635429,32334
697000,328,221,451,0.10089091000000003,0.09169691760190435,32334
698000,454,286,260,0.10029196000000001,0.09149066762538295,32334
699000,460,231,309,0.09969499000000002,0.09128475884027906,32334
700000,417,355,228,0.09910000000000002,0.09107919181288747,32334
701000,206,292,502,0.09850699000000002,0.09087396711233203,32334
702000,248,400,352,0.09791596000000001,0.09066908531058943,32334
703000,291,421,288,0.09732691000000002,0.090464546982513,32334
704000,215,356,429,0.09673984000000002,0.09026035270585692,32334
705000,214,467,319,0.09615475000000001,0.09005650306130081,32334
706000,378,418,204,0.09557164000000003,0.08985299863247434,32334
707000,431,443,126,0.09499051000000001,0.08964984000598239,32334
708000,270,414,316,0.09441136000000001,0.0894470277714304,32334
709000,300,320,380,0.09383419000000001,0.08924456252145004,32334
710000,371,246,383,0.09325900000000002,0.08904244485172516,32334
711000,306,421,273,0.09268579000000002,0.08884067536101813,32334
712000,232,437,331,0.09211456000000001,0.08863925465119638,32334
713000,355,438,207,0.09154531000000002,0.08843818332725938,32334
714000,317,237,446,0.09097804000000001,0.08823746199736589,32334
715000,395,251,354,0.09041275000000001,0.08803709127286155,32334
716000,388,240,372,0.08984944000000002,0.08783707176830682,32334
717000,345,300,355,0.08928811000000002,0.0876374041015052,32334
718000,119,322,559,0.08872876,0.08743808889353195,32334
719000,293,441,266,0.08817139000000002,0.087239126768763,32334
720000,369,296,335,0.087616,0.08704051835490428,32334
721000,388,379,233,0.08706259000000001,0.08684226428302148,32334
722000,418,455,127,0.08651116000000002,0.08664436518757011,32334
723000,352,464,184,0.08596171000000001,0.08644682170642592,32334
724000,465,445,90,0.08541424,0.08624963448091581,32334
725000,451,394,155,0.08486875,0.08605280415584897,32334
726000,350,279,371,0.08432524000000001,0.08585633137954858,32334
727000,418,185,397,0.08378371000000001,0.08566021680388386,32334
728000,321,143,536,0.08324416,0.08546446108430242,32334
729000,365,171,464,0.08270659,0.08526906487986322,32334
730000,189,328,483,0.082171,0.08507402885326977,32334
731000,340,340,320,0.08163739,0.08487935367090393,32334
732000,420,457,123,0.08110576000000001,0.08468504000286003,32334
733000,289,450,261,0.08057611,0.08449108852297939,32334
734000,314,473,213,0.08004844000000001,0.08429749990888549,32334
735000,176,422,402,0.07952275,0.08410427484201945,32334
736000,374,295,331,0.07899904,0.08391141400767595,32334
737000,376,278,346,0.07847731000000001,0.08371891809503977,32334
738000,447,148,405,0.07795756000000001,0.0835267877972227,32334
739000,469,435,96,0.07743979,0.08333502381130094,32334
740000,325,449,226,0.076924,0.08314362683835311,32334
741000,266,272,462,0.07641019,0.08295259758349864,32334
742000,322,386,292,0.07589836,0.08276193675593677,32334
743000,389,169,442,0.07538850999999999,0.08257164506898601,32334
744000,324,315,361,0.07488064,0.08238172324012422,32334
745000,166,329,505,0.07437474999999999,0.08219217199102913,32334
746000,396,197,407,0.07387084,0.08200299204761954,32334
747000,386,462,152,0.07336891,0.081814184140097,32334
748000,457,452,91,0.07286896,0.08162574900298805,32334
749000,164,431,405,0.07237099,0.08143768737518713,32334
750000,288,403,309,0.071875,0.08125,32334
751000,358,446,196,0.07138099,0.08106268762518788,32334
752000,270,457,273,0.07088896,0.08087575100301206,32334
753000,292,464,244,0.07039891,0.08068919089027927,32334
754000,252,466,282,0.06991084,0.08050300804838763,32334
755000,424,446,130,0.06942475,0.08031720324337323,32334
756000,352,192,456,0.06894064,0.08013177724595746,32334
757000,114,335,551,0.06845851,0.07994673083159495,32334
758000,311,244,445,0.06797836,0.0797620647805222,32334
759000,363,372,265,0.06750018999999999,0.07957777987780693,32334
760000,102,467,431,0.067024,0.07939387691339814,32334
761000,149,441,410,0.06654979,0.07921035668217696,32334
762000,280,446,274,0.06607756,0.0790272199840081,32334
763000,453,424,123,0.06560730999999999,0.07884446762379227,32334
764000,333,460,207,0.06513904,0.07866210041151904,32334
765000,147,370,483,0.06467275,0.07848011916232094,32334
766000,279,437,284,0.06420843999999999,0.07829852469652791,32334
767000,467,455,78,0.06374611,0.07811731783972291,32334
768000,231,457,312,0.06328575999999998,0.07793649942279812,32334
769000,458,469,73,0.06282738999999998,0.07775607028201219,32334
770000,413,442,145,0.06237099999999999,0.07757603125904813,32334
771000,181,454,365,0.061916589999999994,0.07739638320107237,32334
772000,129,365,506,0.06146415999999999,0.07721712696079437,32334
773000,284,463,253,0.06101370999999999,0.07703826339652753,32334
774000,101,468,431,0.06056523999999999,0.07685979337225066,32334
775000,173,464,363,0.06011874999999999,0.0766817177576707,32334
776000,370,271,359,0.059674239999999996,0.07650403742828628,32334
777000,415,236,349,0.05923170999999999,0.07632675326545224,32334
778000,256,120,624,0.05879115999999999,0.07614986615644523,32334
779000,182,121,697,0.05835258999999999,0.07597337699453038,32334
780000,81,206,713,0.057915999999999995,0.07579728667902885,32334
781000,310,289,401,0.05748138999999999,0.07562159611538671,32334
782000,375,382,243,0.05704875999999999,0.07544630621524467,32334
783000,307,423,270,0.056618109999999985,0.0752714178965091,32334
784000,239,481,280,0.05618943999999999,0.07509693208342405,32334
785000,88,393,519,0.05576274999999999,0.0749228497066447,32334
786000,350,365,285,0.05533803999999999,0.0747491717033116,32334
787000,340,359,301,0.05491530999999999,0.07457589901712651,32334
788000,431,254,315,0.054494559999999984,0.07440303259842923,32334
789000,333,230,437,0.054075789999999985,0.07423057340427584,32334
790000,293,389,318,0.05365899999999999,0.07405852239851815,32334
791000,398,484,118,0.05324418999999998,0.07388688055188454,32334
792000,441,487,72,0.05283135999999999,0.07371564884206207,32334
793000,397,454,149,0.05242050999999998,0.07354482825378006,32334
794000,423,205,372,0.052011639999999984,0.07337441977889504,32334
795000,410,227,363,0.05160474999999999,0.07320442441647712,32334
796000,221,74,705,0.05119983999999999,0.07303484317289788,32334
797000,93,368,539,0.05079690999999999,0.07286567706191968,32334
798000,239,138,623,0.05039595999999999,0.07269692710478667,32334
799000,138,204,658,0.049996989999999984,0.07252859433031719,32334
800000,464,155,381,0.049599999999999984,0.0723606797749979,32334
801000,338,189,473,0.04920498999999998,0.07219318448307949,32334
802000,322,199,479,0.04881195999999998,0.07202610950667411,32334
803000,209,79,712,0.048420909999999984,0.07185945590585456,32334
804000,91,228,681,0.04803183999999998,0.07169322474875509,32334
805000,96,141,763,0.047644749999999986,0.07152741711167412,32334
806000,139,392,469,0.047259639999999985,0.07136203407917888,32334
807000,475,210,315,0.04687650999999998,0.07119707674421169,32334
808000,396,337,267,0.04649535999999998,0.07103254620819838,32334
809000,196,308,496,0.04611618999999998,0.0708684435811586,32334
810000,298,341,361,0.04573899999999998,0.0707047699818182,32334
811000,313,160,527,0.04536378999999999,0.07054152653772353,32334
812000,321,156,523,0.04499055999999998,0.07037871438535806,32334
813000,287,107,606,0.04461931000000002,0.07021633467026109,32334
814000,283,143,574,0.044250040000000025,0.07005438854714849,32334
815000,190,85,725,0.04388275000000002,0.06989287718003609,32334
816000,238,147,615,0.04351744000000002,0.06973180174236505,32334
817000,54,80,866,0.04315411000000002,0.06957116341712982,32334
818000,49,239,712,0.04279276000000002,0.06941096339700842,32334
819000,96,328,576,0.04243339000000002,0.06925120288449531,32334
820000,178,125,697,0.04207600000000002,0.06909188309203679,32334
821000,252,62,686,0.041720590000000016,0.06893300524216904,32334
822000,96,109,795,0.04136716000000002,0.06877457056765882,32334
823000,55,164,781,0.04101571000000002,0.06861658031164694,32334
824000,54,223,723,0.04066624000000002,0.06845903572779467,32334
825000,92,217,691,0.040318750000000014,0.06830193808043292,32334
826000,65,336,599,0.039973240000000014,0.06814528864471438,32334
827000,151,348,501,0.03962971000000001,0.0679890887067689,32334
828000,78,221,701,0.03928816000000001,0.06783333956386185,32334
829000,100,60,840,0.03894859000000001,0.06767804252455573,32334
830000,296,174,530,0.03861100000000001,0.06752319890887507,32334
831000,205,223,572,0.03827539000000001,0.06736881004847484,32334
832000,62,217,721,0.03794176000000001,0.06721487728681214,32334
833000,63,279,658,0.03761011000000001,0.06706140197932164,32334
834000,60,316,624,0.03728044000000001,0.0669083854935946,32334
835000,61,305,634,0.03695275000000001,0.06675582920956168,32334
836000,52,158,790,0.036627040000000013,0.0666037345196796,32334
837000,173,451,376,0.03630331000000001,0.06645210282912188,32334
838000,41,495,464,0.03598156000000001,0.06630093555597347,32334
839000,69,483,448,0.03566179000000001,0.06615023413142981,32334
840000,305,213,482,0.035344000000000014,0.066,32334
841000,46,244,710,0.03502819000000001,0.06585023461971463,32334
842000,61,474,465,0.034714360000000014,0.06570093946233792,32334
843000,48,480,472,0.034402510000000004,0.06555211601358478,32334
844000,57,464,479,0.03409264000000001,0.06540376577334257,32334
845000,169,388,443,0.03378475000000001,0.0652558902558979,32334
846000,168,472,360,0.03347884000000001,0.06510849099016841,32334
847000,427,339,234,0.03317491000000001,0.06496156951994009,32334
848000,479,177,344,0.03287296000000001,0.06481512740410963,32334
849000,429,348,223,0.03257299,0.06466916621693272,32334
850000,354,388,258,0.032275000000000005,0.06452368754827782,32334
851000,53,499,448,0.031978990000000006,0.064378693003886,32334
852000,40,488,472,0.031684960000000005,0.0642341842056368,32334
853000,54,480,466,0.03139291000000001,0.06409016279182041,32334
854000,268,483,249,0.031102840000000007,0.06394663041741624,32334
855000,106,483,411,0.03081475000000001,0.06380358875437833,32334
856000,41,375,584,0.030528640000000003,0.0636610394919274,32334
857000,46,198,756,0.030244510000000002,0.06351898433685016,32334
858000,400,58,542,0.029962360000000007,0.06337742501380592,32334
859000,300,150,550,0.029682190000000004,0.06323636326564061,32334
860000,48,48,904,0.029404,0.0630958008537088,32334
861000,37,134,829,0.029127790000000008,0.06295573955820355,32334
862000,32,366,602,0.02885356,0.06281618117849463,32334
863000,61,202,737,0.028581310000000006,0.0626771275334754,32334
864000,251,41,708,0.028311040000000003,0.06253858046191833,32334
865000,65,39,896,0.028042749999999998,0.06240054182283984,32334
866000,62,144,794,0.027776440000000006,0.0622630134958745,32334
867000,37,243,720,0.027512110000000006,0.062125997381658964,32334
868000,36,40,924,0.027249760000000005,0.06198949540222607,32334
869000,36,48,916,0.026989390000000002,0.061853509501409276,32334
870000,233,62,705,0.026731000000000005,0.061718041645257966,32334
871000,41,210,749,0.02647459,0.061583093822463846,32334
872000,51,42,907,0.02622016,0.061448668044798926,32334
873000,220,47,733,0.025967709999999998,0.06131476634756547,32334
874000,379,52,569,0.025717240000000002,0.06118139079005828,32334
875000,38,54,908,0.02546875,0.06104854345603981,32334
876000,33,142,825,0.02522224,0.06091622645422859,32334
877000,29,38,933,0.02497771,0.06078444191880136,32334
878000,42,48,910,0.02473516,0.06065319200990952,32334
879000,200,263,537,0.02449459,0.06052247891421028,32334
880000,191,110,699,0.024256,0.06039230484541327,32334
881000,144,190,666,0.024019389999999998,0.0602626720448429,32334
882000,31,33,936,0.02378476,0.06013358278201743,32334
883000,30,177,793,0.023552109999999998,0.06000503935524494,32334
884000,180,76,744,0.02332144,0.05987704409223731,32334
885000,231,376,393,0.023092749999999995,0.059749599350742574,32334
886000,42,214,744,0.022866039999999997,0.05962270751919646,32334
887000,64,35,901,0.022641309999999998,0.05949637101739396,32334
888000,340,54,606,0.022418559999999997,0.05937059229718165,32334
889000,145,27,828,0.022197789999999995,0.059245373843171516,32334
890000,197,161,642,0.021979,0.05912071817347735,32334
891000,32,42,926,0.021762189999999997,0.05899662784047445,32334
892000,29,37,934,0.021547359999999998,0.058873105431583694,32334
893000,88,202,710,0.021334509999999998,0.058750153570080926,32334
894000,24,65,911,0.021123639999999996,0.058627774915932844,32334
895000,106,33,861,0.020914749999999996,0.058505972166660314,32334
896000,413,100,487,0.020707839999999998,0.05838474805823049,32334
897000,487,415,98,0.020502909999999996,0.05826410536597883,32334
898000,482,401,117,0.02029996,0.058144046905562366,32334
899000,492,214,294,0.020098989999999997,0.0580245755339457,32334
900000,173,311,516,0.019899999999999994,0.05790569415042095,32334
901000,17,35,948,0.019702989999999997,0.05778740569766337,32334
902000,24,209,767,0.019507959999999994,0.05766971316282428,32334
903000,26,27,947,0.019314909999999998,0.057552619578662756,32334
904000,124,35,841,0.019123839999999996,0.05743612802471824,32334
905000,161,133,706,0.018934749999999993,0.057320241628525656,32334
906000,55,35,910,0.018747639999999996,0.057204963566875267,32334
907000,31,241,728,0.018562509999999997,0.05709029706711926,32334
908000,33,485,482,0.018379359999999994,0.05697624540852743,32334
909000,26,492,482,0.018198189999999996,0.05686281192369425,32334
910000,23,483,494,0.018018999999999993,0.05675,32334
911000,19,206,775,0.017841789999999996,0.05663781308112845,32334
912000,10,35,955,0.017666559999999994,0.05652625466864418,32334
913000,26,30,944,0.017493309999999995,0.05641532832363239,32334
914000,22,34,944,0.017322039999999993,0.05630503766840453,32334
915000,24,269,707,0.017152749999999994,0.05619538638827313,32334
916000,31,327,642,0.016985439999999994,0.05608637823339956,32334
917000,27,28,945,0.016820109999999992,0.05597801702071849,32334
918000,18,263,719,0.016656759999999993,0.055870306635943306,32334
919000,27,26,947,0.016495389999999995,0.055763251035656866,32334
920000,37,21,942,0.016335999999999993,0.05565685424949238,32334
921000,24,29,947,0.016178589999999993,0.0555511203824093,32334
922000,24,28,948,0.016023159999999995,0.05544605361706988,32334
923000,23,163,814,0.015869709999999995,0.05534165821632197,32334
924000,16,33,951,0.015718239999999994,0.05523793852579428,32334
925000,13,25,962,0.015568749999999994,0.05513489897661093,32334
926000,22,159,819,0.015421239999999992,0.05503254408823211,32334
927000,24,19,957,0.015275709999999994,0.054930878471428794,32334
928000,16,36,948,0.015132159999999993,0.054829906831399544,32334
929000,61,119,820,0.014990589999999995,0.05472963397103835,32334
930000,189,16,795,0.014850999999999993,0.05463006479436303,32334
931000,82,34,884,0.014713389999999993,0.054531204310114476,32334
932000,301,262,437,0.014577759999999992,0.054433057635537796,32334
933000,62,23,915,0.014444109999999993,0.0543356300003575,32334
934000,18,19,963,0.014312439999999992,0.05423892675095949,32334
935000,20,35,945,0.014182749999999994,0.05414295335479413,32334
936000,25,28,947,0.014055039999999994,0.054047715405015524,32334
937000,23,33,944,0.013929309999999993,0.05395321862537351,32334
938000,18,23,959,0.013805560000000007,0.053859468875376515,32334
939000,20,19,961,0.013683790000000006,0.05376647215574469,32334
940000,24,19,957,0.013564000000000007,0.053674234614174775,32334
941000,122,19,859,0.013446190000000007,0.053582762551439886,32334
942000,488,88,424,0.013330360000000006,0.053492062427849776,32334
943000,484,19,497,0.013216510000000006,0.053402140870099306,32334
944000,128,37,835,0.013104640000000006,0.053313004678535794,32334
945000,21,12,967,0.012994750000000006,0.05322466083487862,32334
946000,77,24,899,0.012886840000000005,0.05313711651042802,32334
947000,75,19,906,0.012780910000000005,0.05305037907480366,32334
948000,183,17,800,0.012676960000000004,0.05296445610525777,32334
949000,323,17,660,0.012574990000000005,0.05287935539661224,32334
950000,12,14,974,0.012475000000000003,0.052795084971874746,32334
951000,23,271,706,0.012376990000000004,0.05271165309359439,32334
952000,18,487,495,0.012280960000000004,0.0526290682760248,32334
953000,19,297,684,0.012186910000000004,0.052547339298169765,32334
954000,18,19,963,0.012094840000000004,0.052466475217795634,32334
955000,158,18,824,0.012004750000000005,0.0523864853865046,32334
956000,21,24,955,0.011916640000000004,0.05230737946597434,32334
957000,13,17,970,0.011830510000000002,0.052229167445482734,32334
958000,200,20,780,0.011746360000000004,0.05215185966085152,32334
959000,426,318,256,0.011664190000000003,0.052075466814959954,32334
960000,73,221,706,0.011584000000000004,0.052000000000000005,32334
961000,14,16,970,0.011505790000000002,0.051925470721667824,32334
962000,12,194,794,0.011429560000000002,0.051851890925513705,32334
963000,18,12,970,0.011355310000000002,0.051779273025704606,32334
964000,14,13,973,0.011283040000000003,0.05170762993649093,32334
965000,15,21,964,0.011212750000000002,0.051636975106713605,32334
966000,19,19,962,0.011144440000000002,0.0515673225577398,32334
967000,14,17,969,0.011078110000000002,0.051498686925278266,32334
968000,15,9,976,0.011013760000000003,0.05143108350559987,32334
969000,18,54,928,0.010951390000000002,0.05136452830677858,32334
970000,20,70,910,0.010891000000000001,0.05129903810567666,32334
971000,12,16,972,0.010832590000000001,0.05123463051152967,32334
972000,18,246,736,0.010776160000000002,0.05117132403714771,32334
973000,10,237,753,0.010721710000000002,0.051109138178947966,32334
974000,16,174,810,0.010669240000000002,0.05104809350727882,32334
975000,12,28,960,0.010618750000000001,0.050988211768802624,32334
976000,10,22,968,0.010570240000000002,0.050929516003089786,32334
977000,20,18,962,0.01052371,0.05087203067606593,32334
978000,15,22,963,0.010479160000000001,0.05081578183358053,32334
979000,14,12,974,0.01043659,0.05076079727917495,32334
980000,16,14,970,0.010396,0.05070710678118655,32334
981000,16,18,966,0.010357390000000001,0.05065474231572429,32334
982000,15,23,962,0.01032076,0.05060373835392495,32334
983000,13,16,971,0.010286110000000001,0.05055413220444223,32334
984000,12,19,969,0.01025344,0.050505964425626944,32334
985000,10,58,932,0.010222750000000001,0.05045927932677185,32334
986000,18,344,638,0.01019404,0.05041412558481698,32334
987000,30,11,959,0.01016731,0.05037055701315722,32334
988000,449,14,537,0.01014256,0.050328633534503106,32334
989000,492,62,446,0.01011979,0.05028842243324679,32334
990000,425,142,433,0.010099,0.05025,32334
991000,489,15,496,0.010080190000000001,0.05021345374206137,32334
992000,494,13,493,0.01006336,0.05017888543819999,32334
993000,495,17,488,0.01004851,0.050146415504643466,32334
994000,495,106,399,0.01003564,0.050116189500386224,32334
995000,494,18,488,0.01002475,0.050088388347648324,32334
996000,490,16,494,0.01001584,0.05006324555320337,32334
997000,489,20,491,0.010008910000000001,0.05004107919181289,32334
998000,494,35,471,0.010003960000000001,0.050022360679775,32334
999000,489,310,201,0.01000099,0.05000790569415042,32334
1000000,456,131,413,0.01,0.05,32334
